<?xml version="1.0" encoding="UTF-8"?>
<!--
  ~ Copyright (C) 2022 The Android Open Source Project
  ~
  ~ Licensed under the Apache License, Version 2.0 (the "License");
  ~ you may not use this file except in compliance with the License.
  ~ You may obtain a copy of the License at
  ~
  ~      http://www.apache.org/licenses/LICENSE-2.0
  ~
  ~ Unless required by applicable law or agreed to in writing, software
  ~ distributed under the License is distributed on an "AS IS" BASIS,
  ~ WITHOUT WARRANTIES OR CONDITIONS OF ANY KIND, either express or implied.
  ~ See the License for the specific language governing permissions and
  ~ limitations under the License.
  -->
<d:devices xmlns:xsi="http://www.w3.org/2001/XMLSchema-instance"
           xmlns:d="http://schemas.android.com/sdk/devices/1">
    <d:device>
        <d:name>Small Desktop</d:name>
        <d:id>desktop_small</d:id>
        <d:manufacturer>Google</d:manufacturer>
        <d:hardware>
            <d:screen>
                <d:screen-size>xlarge</d:screen-size>
                <d:diagonal-length>14.0</d:diagonal-length>
                <d:pixel-density>mdpi</d:pixel-density>
                <d:screen-ratio>long</d:screen-ratio>
                <d:dimensions>
                    <d:x-dimension>1366</d:x-dimension>
                    <d:y-dimension>768</d:y-dimension>
                </d:dimensions>
                <d:xdpi>110</d:xdpi>
                <d:ydpi>110</d:ydpi>
                <d:touch>
                    <d:multitouch>jazz-hands</d:multitouch>
                    <d:mechanism>finger</d:mechanism>
                    <d:screen-type>capacitive</d:screen-type>
                </d:touch>
            </d:screen>
            <d:networking>
                Bluetooth
                Wifi
            </d:networking>
            <d:sensors>
            </d:sensors>
            <d:mic>true</d:mic>
            <d:camera>
                <d:location>front</d:location>
                <d:autofocus>true</d:autofocus>
                <d:flash>false</d:flash>
            </d:camera>
            <d:keyboard>qwerty</d:keyboard>
            <d:nav>nonav</d:nav>
            <d:ram unit="GiB">4</d:ram>
            <d:buttons>soft</d:buttons>
            <d:internal-storage unit="GiB">64</d:internal-storage>
            <d:removable-storage unit="MiB">0</d:removable-storage>
            <d:cpu>Generic CPU</d:cpu>
            <d:gpu>Generic GPU</d:gpu>
            <d:abi>
                armeabi-v7a
                x86
            </d:abi>
            <d:dock/>
            <d:power-type>battery</d:power-type>
        </d:hardware>
        <d:software>
            <d:api-level>32</d:api-level>
            <d:live-wallpaper-support>true</d:live-wallpaper-support>
            <d:bluetooth-profiles/>
            <d:gl-version>3.2</d:gl-version>
            <d:gl-extensions>GL_OES_EGL_image GL_OES_EGL_image_external GL_OES_EGL_sync GL_OES_vertex_half_float GL_OES_framebuffer_object GL_OES_rgb8_rgba8 GL_OES_compressed_ETC1_RGB8_texture GL_AMD_compressed_ATC_texture GL_KHR_texture_compression_astc_ldr GL_KHR_texture_compression_astc_hdr GL_OES_texture_compression_astc GL_OES_texture_npot GL_EXT_texture_filter_anisotropic GL_EXT_texture_format_BGRA8888 GL_OES_texture_3D GL_EXT_color_buffer_float GL_EXT_color_buffer_half_float GL_QCOM_alpha_test GL_OES_depth24 GL_OES_packed_depth_stencil GL_OES_depth_texture GL_OES_depth_texture_cube_map GL_EXT_sRGB GL_OES_texture_float GL_OES_texture_float_linear GL_OES_texture_half_float GL_OES_texture_half_float_linear GL_EXT_texture_type_2_10_10_10_REV GL_EXT_texture_sRGB_decode GL_EXT_texture_format_sRGB_override GL_OES_element_index_uint GL_EXT_copy_image GL_EXT_geometry_shader GL_EXT_tessellation_shader GL_OES_texture_stencil8 GL_EXT_shader_io_blocks GL_OES_shader_image_atomic GL_OES_sample_variables GL_EXT_texture_border_clamp GL_EXT_multisampled_render_to_texture GL_EXT_multisampled_render_to_texture2 GL_OES_shader_multisample_interpolation GL_EXT_texture_cube_map_array GL_EXT_draw_buffers_indexed GL_EXT_gpu_shader5 GL_EXT_robustness GL_EXT_texture_buffer GL_EXT_shader_framebuffer_fetch GL_ARM_shader_framebuffer_fetch_depth_stencil GL_OES_texture_storage_multisample_2d_array GL_OES_sample_shading GL_OES_get_program_binary GL_EXT_debug_label GL_KHR_blend_equation_advanced GL_KHR_blend_equation_advanced_coherent GL_QCOM_tiled_rendering GL_ANDROID_extension_pack_es31a GL_EXT_primitive_bounding_box GL_OES_standard_derivatives GL_OES_vertex_array_object GL_EXT_disjoint_timer_query GL_KHR_debug GL_EXT_YUV_target GL_EXT_sRGB_write_control GL_EXT_texture_norm16 GL_EXT_discard_framebuffer GL_OES_surfaceless_context GL_OVR_multiview GL_OVR_multiview2 GL_EXT_texture_sRGB_R8 GL_KHR_no_error GL_EXT_debug_marker GL_OES_EGL_image_external_essl3 GL_OVR_multiview_multisampled_render_to_texture GL_EXT_buffer_storage GL_EXT_external_buffer GL_EXT_blit_framebuffer_params GL_EXT_clip_cull_distance GL_EXT_protected_textures GL_EXT_shader_non_constant_global_initializers GL_QCOM_texture_foveated GL_QCOM_shader_framebuffer_fetch_noncoherent GL_EXT_memory_object GL_EXT_memory_object_fd GL_EXT_EGL_image_array GL_NV_shader_noperspective_interpolation GL_KHR_robust_buffer_access_behavior GL_EXT_EGL_image_storage GL_EXT_clip_control </d:gl-extensions>
            <d:status-bar>true</d:status-bar>
        </d:software>
        <d:state name="Landscape" default="true">
            <d:description>The device in landscape view</d:description>
            <d:screen-orientation>land</d:screen-orientation>
            <d:keyboard-state>keyssoft</d:keyboard-state>
            <d:nav-state>nonav</d:nav-state>
        </d:state>
        <d:tag-id>android-desktop</d:tag-id>
    </d:device>
    <d:device>
        <d:name>Medium Desktop</d:name>
        <d:id>desktop_medium</d:id>
        <d:manufacturer>Google</d:manufacturer>
        <d:hardware>
            <d:screen>
                <d:screen-size>xlarge</d:screen-size>
                <d:diagonal-length>15.0</d:diagonal-length>
                <d:pixel-density>xhdpi</d:pixel-density>
                <d:screen-ratio>long</d:screen-ratio>
                <d:dimensions>
                    <d:x-dimension>3840</d:x-dimension>
                    <d:y-dimension>2160</d:y-dimension>
                </d:dimensions>
                <d:xdpi>290</d:xdpi>
                <d:ydpi>290</d:ydpi>
                <d:touch>
                    <d:multitouch>jazz-hands</d:multitouch>
                    <d:mechanism>finger</d:mechanism>
                    <d:screen-type>capacitive</d:screen-type>
                </d:touch>
            </d:screen>
            <d:networking>
                Bluetooth
                Wifi
            </d:networking>
            <d:sensors>
            </d:sensors>
            <d:mic>true</d:mic>
            <d:camera>
                <d:location>front</d:location>
                <d:autofocus>true</d:autofocus>
                <d:flash>false</d:flash>
            </d:camera>
            <d:keyboard>qwerty</d:keyboard>
            <d:nav>nonav</d:nav>
            <d:ram unit="GiB">4</d:ram>
            <d:buttons>soft</d:buttons>
            <d:internal-storage unit="GiB">64</d:internal-storage>
            <d:removable-storage unit="MiB">0</d:removable-storage>
            <d:cpu>Generic CPU</d:cpu>
            <d:gpu>Generic GPU</d:gpu>
            <d:abi>
                armeabi-v7a
                x86
            </d:abi>
            <d:dock/>
            <d:power-type>battery</d:power-type>
        </d:hardware>
        <d:software>
            <d:api-level>32</d:api-level>
            <d:live-wallpaper-support>true</d:live-wallpaper-support>
            <d:bluetooth-profiles/>
            <d:gl-version>3.2</d:gl-version>
            <d:gl-extensions>GL_OES_EGL_image GL_OES_EGL_image_external GL_OES_EGL_sync GL_OES_vertex_half_float GL_OES_framebuffer_object GL_OES_rgb8_rgba8 GL_OES_compressed_ETC1_RGB8_texture GL_AMD_compressed_ATC_texture GL_KHR_texture_compression_astc_ldr GL_KHR_texture_compression_astc_hdr GL_OES_texture_compression_astc GL_OES_texture_npot GL_EXT_texture_filter_anisotropic GL_EXT_texture_format_BGRA8888 GL_OES_texture_3D GL_EXT_color_buffer_float GL_EXT_color_buffer_half_float GL_QCOM_alpha_test GL_OES_depth24 GL_OES_packed_depth_stencil GL_OES_depth_texture GL_OES_depth_texture_cube_map GL_EXT_sRGB GL_OES_texture_float GL_OES_texture_float_linear GL_OES_texture_half_float GL_OES_texture_half_float_linear GL_EXT_texture_type_2_10_10_10_REV GL_EXT_texture_sRGB_decode GL_EXT_texture_format_sRGB_override GL_OES_element_index_uint GL_EXT_copy_image GL_EXT_geometry_shader GL_EXT_tessellation_shader GL_OES_texture_stencil8 GL_EXT_shader_io_blocks GL_OES_shader_image_atomic GL_OES_sample_variables GL_EXT_texture_border_clamp GL_EXT_multisampled_render_to_texture GL_EXT_multisampled_render_to_texture2 GL_OES_shader_multisample_interpolation GL_EXT_texture_cube_map_array GL_EXT_draw_buffers_indexed GL_EXT_gpu_shader5 GL_EXT_robustness GL_EXT_texture_buffer GL_EXT_shader_framebuffer_fetch GL_ARM_shader_framebuffer_fetch_depth_stencil GL_OES_texture_storage_multisample_2d_array GL_OES_sample_shading GL_OES_get_program_binary GL_EXT_debug_label GL_KHR_blend_equation_advanced GL_KHR_blend_equation_advanced_coherent GL_QCOM_tiled_rendering GL_ANDROID_extension_pack_es31a GL_EXT_primitive_bounding_box GL_OES_standard_derivatives GL_OES_vertex_array_object GL_EXT_disjoint_timer_query GL_KHR_debug GL_EXT_YUV_target GL_EXT_sRGB_write_control GL_EXT_texture_norm16 GL_EXT_discard_framebuffer GL_OES_surfaceless_context GL_OVR_multiview GL_OVR_multiview2 GL_EXT_texture_sRGB_R8 GL_KHR_no_error GL_EXT_debug_marker GL_OES_EGL_image_external_essl3 GL_OVR_multiview_multisampled_render_to_texture GL_EXT_buffer_storage GL_EXT_external_buffer GL_EXT_blit_framebuffer_params GL_EXT_clip_cull_distance GL_EXT_protected_textures GL_EXT_shader_non_constant_global_initializers GL_QCOM_texture_foveated GL_QCOM_shader_framebuffer_fetch_noncoherent GL_EXT_memory_object GL_EXT_memory_object_fd GL_EXT_EGL_image_array GL_NV_shader_noperspective_interpolation GL_KHR_robust_buffer_access_behavior GL_EXT_EGL_image_storage GL_EXT_clip_control </d:gl-extensions>
            <d:status-bar>true</d:status-bar>
        </d:software>
        <d:state name="Landscape" default="true">
            <d:description>The device in landscape view</d:description>
            <d:screen-orientation>land</d:screen-orientation>
            <d:keyboard-state>keyssoft</d:keyboard-state>
            <d:nav-state>nonav</d:nav-state>
        </d:state>
        <d:tag-id>android-desktop</d:tag-id>
    </d:device>
    <d:device>
        <d:name>Large Desktop</d:name>
        <d:id>desktop_large</d:id>
        <d:manufacturer>Google</d:manufacturer>
        <d:hardware>
            <d:screen>
                <d:screen-size>xlarge</d:screen-size>
                <d:diagonal-length>17.0</d:diagonal-length>
                <d:pixel-density>mdpi</d:pixel-density>
                <d:screen-ratio>long</d:screen-ratio>
                <d:dimensions>
                    <d:x-dimension>1920</d:x-dimension>
                    <d:y-dimension>1080</d:y-dimension>
                </d:dimensions>
                <d:xdpi>130</d:xdpi>
                <d:ydpi>130</d:ydpi>
                <d:touch>
                    <d:multitouch>jazz-hands</d:multitouch>
                    <d:mechanism>finger</d:mechanism>
                    <d:screen-type>capacitive</d:screen-type>
                </d:touch>
            </d:screen>
            <d:networking>
                Bluetooth
                Wifi
            </d:networking>
            <d:sensors>
            </d:sensors>
            <d:mic>true</d:mic>
            <d:camera>
                <d:location>front</d:location>
                <d:autofocus>true</d:autofocus>
                <d:flash>false</d:flash>
            </d:camera>
            <d:keyboard>qwerty</d:keyboard>
            <d:nav>nonav</d:nav>
            <d:ram unit="GiB">4</d:ram>
            <d:buttons>soft</d:buttons>
            <d:internal-storage unit="GiB">64</d:internal-storage>
            <d:removable-storage unit="MiB">0</d:removable-storage>
            <d:cpu>Generic CPU</d:cpu>
            <d:gpu>Generic GPU</d:gpu>
            <d:abi>
                armeabi-v7a
                x86
            </d:abi>
            <d:dock/>
            <d:power-type>battery</d:power-type>
        </d:hardware>
        <d:software>
            <d:api-level>32</d:api-level>
            <d:live-wallpaper-support>true</d:live-wallpaper-support>
            <d:bluetooth-profiles/>
            <d:gl-version>3.2</d:gl-version>
            <d:gl-extensions>GL_OES_EGL_image GL_OES_EGL_image_external GL_OES_EGL_sync GL_OES_vertex_half_float GL_OES_framebuffer_object GL_OES_rgb8_rgba8 GL_OES_compressed_ETC1_RGB8_texture GL_AMD_compressed_ATC_texture GL_KHR_texture_compression_astc_ldr GL_KHR_texture_compression_astc_hdr GL_OES_texture_compression_astc GL_OES_texture_npot GL_EXT_texture_filter_anisotropic GL_EXT_texture_format_BGRA8888 GL_OES_texture_3D GL_EXT_color_buffer_float GL_EXT_color_buffer_half_float GL_QCOM_alpha_test GL_OES_depth24 GL_OES_packed_depth_stencil GL_OES_depth_texture GL_OES_depth_texture_cube_map GL_EXT_sRGB GL_OES_texture_float GL_OES_texture_float_linear GL_OES_texture_half_float GL_OES_texture_half_float_linear GL_EXT_texture_type_2_10_10_10_REV GL_EXT_texture_sRGB_decode GL_EXT_texture_format_sRGB_override GL_OES_element_index_uint GL_EXT_copy_image GL_EXT_geometry_shader GL_EXT_tessellation_shader GL_OES_texture_stencil8 GL_EXT_shader_io_blocks GL_OES_shader_image_atomic GL_OES_sample_variables GL_EXT_texture_border_clamp GL_EXT_multisampled_render_to_texture GL_EXT_multisampled_render_to_texture2 GL_OES_shader_multisample_interpolation GL_EXT_texture_cube_map_array GL_EXT_draw_buffers_indexed GL_EXT_gpu_shader5 GL_EXT_robustness GL_EXT_texture_buffer GL_EXT_shader_framebuffer_fetch GL_ARM_shader_framebuffer_fetch_depth_stencil GL_OES_texture_storage_multisample_2d_array GL_OES_sample_shading GL_OES_get_program_binary GL_EXT_debug_label GL_KHR_blend_equation_advanced GL_KHR_blend_equation_advanced_coherent GL_QCOM_tiled_rendering GL_ANDROID_extension_pack_es31a GL_EXT_primitive_bounding_box GL_OES_standard_derivatives GL_OES_vertex_array_object GL_EXT_disjoint_timer_query GL_KHR_debug GL_EXT_YUV_target GL_EXT_sRGB_write_control GL_EXT_texture_norm16 GL_EXT_discard_framebuffer GL_OES_surfaceless_context GL_OVR_multiview GL_OVR_multiview2 GL_EXT_texture_sRGB_R8 GL_KHR_no_error GL_EXT_debug_marker GL_OES_EGL_image_external_essl3 GL_OVR_multiview_multisampled_render_to_texture GL_EXT_buffer_storage GL_EXT_external_buffer GL_EXT_blit_framebuffer_params GL_EXT_clip_cull_distance GL_EXT_protected_textures GL_EXT_shader_non_constant_global_initializers GL_QCOM_texture_foveated GL_QCOM_shader_framebuffer_fetch_noncoherent GL_EXT_memory_object GL_EXT_memory_object_fd GL_EXT_EGL_image_array GL_NV_shader_noperspective_interpolation GL_KHR_robust_buffer_access_behavior GL_EXT_EGL_image_storage GL_EXT_clip_control </d:gl-extensions>
            <d:status-bar>true</d:status-bar>
        </d:software>
        <d:state name="Landscape" default="true">
            <d:description>The device in landscape view</d:description>
            <d:screen-orientation>land</d:screen-orientation>
            <d:keyboard-state>keyssoft</d:keyboard-state>
            <d:nav-state>nonav</d:nav-state>
        </d:state>
        <d:tag-id>android-desktop</d:tag-id>
    </d:device>
</d:devices>
