<?xml version="1.0" encoding="UTF-8"?>
<d:devices xmlns:d="http://schemas.android.com/sdk/devices/1">
    <d:device>
        <d:name>Wear OS Large Round</d:name>
        <d:id>wearos_large_round</d:id>
        <d:manufacturer>Google</d:manufacturer>
        <d:meta/>
        <d:hardware>
            <d:screen>
                <d:screen-size>small</d:screen-size>
                <d:diagonal-length>1.39</d:diagonal-length>
                <d:pixel-density>xhdpi</d:pixel-density>
                <d:screen-ratio>long</d:screen-ratio>
                <d:dimensions>
                    <d:x-dimension>454</d:x-dimension>
                    <d:y-dimension>454</d:y-dimension>
                </d:dimensions>
                <d:xdpi>227</d:xdpi>
                <d:ydpi>227</d:ydpi>
                <d:touch>
                    <d:multitouch>jazz-hands</d:multitouch>
                    <d:mechanism>finger</d:mechanism>
                    <d:screen-type>capacitive</d:screen-type>
                </d:touch>
            </d:screen>
            <d:networking>
                Bluetooth
                Wifi
                NFC
            </d:networking>
            <d:sensors>
                Accelerometer
                Barometer
                Compass
                GPS
                Gyroscope
                LightSensor
                ProximitySensor
            </d:sensors>
            <d:mic>true</d:mic>
            <d:keyboard>qwerty</d:keyboard>
            <d:nav>nonav</d:nav>
            <d:ram unit="MiB">512</d:ram>
            <d:buttons>hard</d:buttons>
            <d:internal-storage unit="KiB">7811891</d:internal-storage>
            <d:removable-storage unit="TiB"/>
            <d:cpu>Qualcomm Snapdragon S4 Pro</d:cpu>
            <d:gpu>Adreno 320</d:gpu>
            <d:abi>armeabi-v7a</d:abi>
            <d:dock/>
            <d:power-type>battery</d:power-type>
            <d:skin>wearos_large_round</d:skin>
        </d:hardware>
        <d:software>
            <d:api-level>20-</d:api-level>
            <d:live-wallpaper-support>true</d:live-wallpaper-support>
            <d:bluetooth-profiles/>
            <d:gl-version>2.0</d:gl-version>
            <d:gl-extensions/>
            <d:status-bar>false</d:status-bar>
        </d:software>
        <d:state default="true" name="Portrait">
            <d:description>The device in portrait orientation</d:description>
            <d:screen-orientation>port</d:screen-orientation>
            <d:keyboard-state>keyshidden</d:keyboard-state>
            <d:nav-state>navexposed</d:nav-state>
        </d:state>
        <d:state name="Landscape">
            <d:description>The device in landscape orientation</d:description>
            <d:screen-orientation>land</d:screen-orientation>
            <d:keyboard-state>keyshidden</d:keyboard-state>
            <d:nav-state>navexposed</d:nav-state>
        </d:state>
        <d:tag-id>android-wear</d:tag-id>
        <d:boot-props>
            <d:boot-prop>
                <d:prop-name>ro.emulator.circular</d:prop-name>
                <d:prop-value>true</d:prop-value>
            </d:boot-prop>
        </d:boot-props>
    </d:device>
    <d:device>
        <d:name>Wear OS Small Round</d:name>
        <d:id>wearos_small_round</d:id>
        <d:manufacturer>Google</d:manufacturer>
        <d:meta/>
        <d:hardware>
            <d:screen>
                <d:screen-size>small</d:screen-size>
                <d:diagonal-length>1.2</d:diagonal-length>
                <d:pixel-density>xhdpi</d:pixel-density>
                <d:screen-ratio>long</d:screen-ratio>
                <d:dimensions>
                    <d:x-dimension>384</d:x-dimension>
                    <d:y-dimension>384</d:y-dimension>
                </d:dimensions>
                <d:xdpi>192</d:xdpi>
                <d:ydpi>192</d:ydpi>
                <d:touch>
                    <d:multitouch>jazz-hands</d:multitouch>
                    <d:mechanism>finger</d:mechanism>
                    <d:screen-type>capacitive</d:screen-type>
                </d:touch>
            </d:screen>
            <d:networking>
                Bluetooth
                Wifi
                NFC
            </d:networking>
            <d:sensors>
                Accelerometer
                Barometer
                Compass
                GPS
                Gyroscope
                LightSensor
                ProximitySensor
            </d:sensors>
            <d:mic>true</d:mic>
            <d:keyboard>qwerty</d:keyboard>
            <d:nav>nonav</d:nav>
            <d:ram unit="MiB">512</d:ram>
            <d:buttons>hard</d:buttons>
            <d:internal-storage unit="KiB">7811891</d:internal-storage>
            <d:removable-storage unit="TiB"/>
            <d:cpu>Qualcomm Snapdragon S4 Pro</d:cpu>
            <d:gpu>Adreno 320</d:gpu>
            <d:abi>armeabi-v7a</d:abi>
            <d:dock/>
            <d:power-type>battery</d:power-type>
            <d:skin>wearos_small_round</d:skin>
        </d:hardware>
        <d:software>
            <d:api-level>20-</d:api-level>
            <d:live-wallpaper-support>true</d:live-wallpaper-support>
            <d:bluetooth-profiles/>
            <d:gl-version>2.0</d:gl-version>
            <d:gl-extensions/>
            <d:status-bar>false</d:status-bar>
        </d:software>
        <d:state default="true" name="Portrait">
            <d:description>The device in portrait orientation</d:description>
            <d:screen-orientation>port</d:screen-orientation>
            <d:keyboard-state>keyshidden</d:keyboard-state>
            <d:nav-state>navexposed</d:nav-state>
        </d:state>
        <d:state name="Landscape">
            <d:description>The device in landscape orientation</d:description>
            <d:screen-orientation>land</d:screen-orientation>
            <d:keyboard-state>keyshidden</d:keyboard-state>
            <d:nav-state>navexposed</d:nav-state>
        </d:state>
        <d:tag-id>android-wear</d:tag-id>
        <d:boot-props>
            <d:boot-prop>
                <d:prop-name>ro.emulator.circular</d:prop-name>
                <d:prop-value>true</d:prop-value>
            </d:boot-prop>
        </d:boot-props>
    </d:device>

    <d:device>
        <d:name>Wear OS Rectangular</d:name>
        <d:id>wearos_rect</d:id>
        <d:manufacturer>Google</d:manufacturer>
        <d:meta/>
        <d:hardware>
            <d:screen>
                <d:screen-size>small</d:screen-size>
                <d:diagonal-length>1.2</d:diagonal-length>
                <d:pixel-density>xhdpi</d:pixel-density>
                <d:screen-ratio>long</d:screen-ratio>
                <d:dimensions>
                    <d:x-dimension>402</d:x-dimension>
                    <d:y-dimension>476</d:y-dimension>
                </d:dimensions>
                <d:xdpi>201</d:xdpi>
                <d:ydpi>238</d:ydpi>
                <d:touch>
                    <d:multitouch>jazz-hands</d:multitouch>
                    <d:mechanism>finger</d:mechanism>
                    <d:screen-type>capacitive</d:screen-type>
                </d:touch>
            </d:screen>
            <d:networking>
                Bluetooth
                Wifi
                NFC
            </d:networking>
            <d:sensors>
                Accelerometer
                Barometer
                Compass
                GPS
                Gyroscope
                LightSensor
                ProximitySensor
            </d:sensors>
            <d:mic>true</d:mic>
            <d:keyboard>qwerty</d:keyboard>
            <d:nav>nonav</d:nav>
            <d:ram unit="MiB">512</d:ram>
            <d:buttons>hard</d:buttons>
            <d:internal-storage unit="KiB">7811891</d:internal-storage>
            <d:removable-storage unit="TiB"/>
            <d:cpu>Qualcomm Snapdragon S4 Pro</d:cpu>
            <d:gpu>Adreno 320</d:gpu>
            <d:abi>armeabi-v7a</d:abi>
            <d:dock/>
            <d:power-type>battery</d:power-type>
            <d:skin>wearos_rect</d:skin>
        </d:hardware>
        <d:software>
            <d:api-level>20-</d:api-level>
            <d:live-wallpaper-support>true</d:live-wallpaper-support>
            <d:bluetooth-profiles/>
            <d:gl-version>2.0</d:gl-version>
            <d:gl-extensions/>
            <d:status-bar>false</d:status-bar>
        </d:software>
        <d:state default="true" name="Portrait">
            <d:description>The device in portrait orientation</d:description>
            <d:screen-orientation>port</d:screen-orientation>
            <d:keyboard-state>keyshidden</d:keyboard-state>
            <d:nav-state>navexposed</d:nav-state>
        </d:state>
        <d:state name="Landscape">
            <d:description>The device in landscape orientation</d:description>
            <d:screen-orientation>land</d:screen-orientation>
            <d:keyboard-state>keyshidden</d:keyboard-state>
            <d:nav-state>navexposed</d:nav-state>
        </d:state>
        <d:tag-id>android-wear</d:tag-id>
    </d:device>

    <d:device>
        <d:name>Wear OS Square</d:name>
        <d:id>wearos_square</d:id>
        <d:manufacturer>Google</d:manufacturer>
        <d:meta/>
        <d:hardware>
            <d:screen>
                <d:screen-size>small</d:screen-size>
                <d:diagonal-length>1.2</d:diagonal-length>
                <d:pixel-density>xhdpi</d:pixel-density>
                <d:screen-ratio>long</d:screen-ratio>
                <d:dimensions>
                    <d:x-dimension>360</d:x-dimension>
                    <d:y-dimension>360</d:y-dimension>
                </d:dimensions>
                <d:xdpi>180</d:xdpi>
                <d:ydpi>180</d:ydpi>
                <d:touch>
                    <d:multitouch>jazz-hands</d:multitouch>
                    <d:mechanism>finger</d:mechanism>
                    <d:screen-type>capacitive</d:screen-type>
                </d:touch>
            </d:screen>
            <d:networking>
                Bluetooth
                Wifi
                NFC
            </d:networking>
            <d:sensors>
                Accelerometer
                Barometer
                Compass
                GPS
                Gyroscope
                LightSensor
                ProximitySensor
            </d:sensors>
            <d:mic>true</d:mic>
            <d:keyboard>qwerty</d:keyboard>
            <d:nav>nonav</d:nav>
            <d:ram unit="MiB">512</d:ram>
            <d:buttons>hard</d:buttons>
            <d:internal-storage unit="KiB">7811891</d:internal-storage>
            <d:removable-storage unit="TiB"/>
            <d:cpu>Qualcomm Snapdragon S4 Pro</d:cpu>
            <d:gpu>Adreno 320</d:gpu>
            <d:abi>armeabi-v7a</d:abi>
            <d:dock/>
            <d:power-type>battery</d:power-type>
            <d:skin>wearos_square</d:skin>
        </d:hardware>
        <d:software>
            <d:api-level>20-</d:api-level>
            <d:live-wallpaper-support>true</d:live-wallpaper-support>
            <d:bluetooth-profiles/>
            <d:gl-version>2.0</d:gl-version>
            <d:gl-extensions/>
            <d:status-bar>false</d:status-bar>
        </d:software>
        <d:state default="true" name="Portrait">
            <d:description>The device in portrait orientation</d:description>
            <d:screen-orientation>port</d:screen-orientation>
            <d:keyboard-state>keyshidden</d:keyboard-state>
            <d:nav-state>navexposed</d:nav-state>
        </d:state>
        <d:state name="Landscape">
            <d:description>The device in landscape orientation</d:description>
            <d:screen-orientation>land</d:screen-orientation>
            <d:keyboard-state>keyshidden</d:keyboard-state>
            <d:nav-state>navexposed</d:nav-state>
        </d:state>
        <d:tag-id>android-wear</d:tag-id>
    </d:device>
</d:devices>
